{"cameraMode":{"drawMode":0,"name":"Shaded","section":"Shading Mode"},"sceneLighting":false,"audioPlay":false,"sceneViewState":{"showFog":true,"showMaterialUpdate":true,"showSkybox":true,"showFlares":true,"showImageEffects":true,"showParticleSystems":true},"in2DMode":false,"pivot":{"x":-23.899999618530275,"y":-37.551673889160159,"z":5.59999942779541},"rotation":{"x":0.09716620296239853,"y":-0.8812389373779297,"z":0.206984743475914,"w":0.4136834740638733},"size":53.67266845703125,"orthographic":true}