{"cameraMode":{"drawMode":0,"name":"Shaded","section":"Shading Mode"},"sceneLighting":false,"audioPlay":false,"sceneViewState":{"showFog":true,"showMaterialUpdate":true,"showSkybox":true,"showFlares":true,"showImageEffects":true,"showParticleSystems":true},"in2DMode":false,"pivot":{"x":74.97505950927735,"y":34.0898551940918,"z":35.66995620727539},"rotation":{"x":0.052828311920166019,"y":-0.9329422116279602,"z":0.1533334106206894,"w":0.3214294910430908},"size":18.005475997924806,"orthographic":true}