{"cameraMode":{"drawMode":0,"name":"Shaded","section":"Shading Mode"},"sceneLighting":false,"audioPlay":false,"sceneViewState":{"showFog":true,"showMaterialUpdate":true,"showSkybox":true,"showFlares":true,"showImageEffects":true,"showParticleSystems":true},"in2DMode":false,"pivot":{"x":80.41809844970703,"y":36.38737487792969,"z":91.56938934326172},"rotation":{"x":-0.03332400694489479,"y":0.9490894675254822,"z":-0.2942109704017639,"w":-0.10751105844974518},"size":22.66840171813965,"orthographic":true}