{"cameraMode":{"drawMode":0,"name":"Shaded","section":"Shading Mode"},"sceneLighting":false,"audioPlay":false,"sceneViewState":{"showFog":true,"showMaterialUpdate":true,"showSkybox":true,"showFlares":true,"showImageEffects":true,"showParticleSystems":true},"in2DMode":false,"pivot":{"x":2.9440126419067385,"y":0.8875380754470825,"z":-0.21299999952316285},"rotation":{"x":0.13262507319450379,"y":-0.39125365018844607,"z":0.05709238350391388,"w":0.9088848233222961},"size":4.091524600982666,"orthographic":true}