{"cameraMode":{"drawMode":0,"name":"Shaded","section":"Shading Mode"},"sceneLighting":false,"audioPlay":false,"sceneViewState":{"showFog":true,"showMaterialUpdate":true,"showSkybox":true,"showFlares":true,"showImageEffects":true,"showParticleSystems":true},"in2DMode":false,"pivot":{"x":74.88571166992188,"y":36.02532196044922,"z":48.05935287475586},"rotation":{"x":0.29436832666397097,"y":0.11858823895454407,"z":-0.03683999553322792,"w":0.9475900530815125},"size":26.84762191772461,"orthographic":true}