{"cameraMode":{"drawMode":0,"name":"Shaded","section":"Shading Mode"},"sceneLighting":false,"audioPlay":false,"sceneViewState":{"showFog":true,"showMaterialUpdate":true,"showSkybox":true,"showFlares":true,"showImageEffects":true,"showParticleSystems":true},"in2DMode":false,"pivot":{"x":-50.72531509399414,"y":-37.551673889160159,"z":5.600000381469727},"rotation":{"x":-0.08875761181116104,"y":0.8815009593963623,"z":-0.18374209105968476,"w":-0.4258134067058563},"size":24.1086368560791,"orthographic":true}