{"cameraMode":{"drawMode":0,"name":"Shaded","section":"Shading Mode"},"sceneLighting":false,"audioPlay":false,"sceneViewState":{"showFog":true,"showMaterialUpdate":true,"showSkybox":true,"showFlares":true,"showImageEffects":true,"showParticleSystems":true},"in2DMode":false,"pivot":{"x":52.525062561035159,"y":7.430000305175781,"z":29.66995620727539},"rotation":{"x":0.4070344865322113,"y":-0.20797500014305116,"z":0.0957338958978653,"w":0.8842535614967346},"size":18.005475997924806,"orthographic":true}