{"cameraMode":{"drawMode":0,"name":"Shaded","section":"Shading Mode"},"sceneLighting":false,"audioPlay":false,"sceneViewState":{"showFog":true,"showMaterialUpdate":true,"showSkybox":true,"showFlares":true,"showImageEffects":true,"showParticleSystems":true},"in2DMode":false,"pivot":{"x":92.16889190673828,"y":39.61964416503906,"z":48.674312591552737},"rotation":{"x":0.052828311920166019,"y":-0.9329422116279602,"z":0.1533334106206894,"w":0.3214294910430908},"size":24.375717163085939,"orthographic":true}