{"cameraMode":{"drawMode":0,"name":"Shaded","section":"Shading Mode"},"sceneLighting":false,"audioPlay":false,"sceneViewState":{"showFog":true,"showMaterialUpdate":true,"showSkybox":true,"showFlares":true,"showImageEffects":true,"showParticleSystems":true},"in2DMode":false,"pivot":{"x":5.111537933349609,"y":1.0689879655838013,"z":-0.04616248607635498},"rotation":{"x":0.29436832666397097,"y":0.11858823895454407,"z":-0.03683999553322792,"w":0.9475900530815125},"size":10.7086763381958,"orthographic":true}