{"cameraMode":{"drawMode":0,"name":"Shaded","section":"Shading Mode"},"sceneLighting":false,"audioPlay":false,"sceneViewState":{"showFog":true,"showMaterialUpdate":true,"showSkybox":true,"showFlares":true,"showImageEffects":true,"showParticleSystems":true},"in2DMode":false,"pivot":{"x":87.23921203613281,"y":35.392704010009769,"z":48.72172164916992},"rotation":{"x":0.29436832666397097,"y":0.11858823895454407,"z":-0.03683999553322792,"w":0.9475900530815125},"size":20.330724716186525,"orthographic":true}