{"cameraMode":{"drawMode":0,"name":"Shaded","section":"Shading Mode"},"sceneLighting":false,"audioPlay":false,"sceneViewState":{"showFog":true,"showMaterialUpdate":true,"showSkybox":true,"showFlares":true,"showImageEffects":true,"showParticleSystems":true},"in2DMode":false,"pivot":{"x":140.96810913085938,"y":80.90385437011719,"z":86.7743911743164},"rotation":{"x":0.10800747573375702,"y":-0.8804018497467041,"z":0.24166730046272279,"w":0.3934767246246338},"size":15.938770294189454,"orthographic":true}