{"cameraMode":{"drawMode":0,"name":"Shaded","section":"Shading Mode"},"sceneLighting":false,"audioPlay":false,"sceneViewState":{"showFog":true,"showMaterialUpdate":true,"showSkybox":true,"showFlares":true,"showImageEffects":true,"showParticleSystems":true},"in2DMode":false,"pivot":{"x":74.97528076171875,"y":34.0898551940918,"z":35.66960525512695},"rotation":{"x":0.052828311920166019,"y":-0.9329422116279602,"z":0.1533334106206894,"w":0.3214294910430908},"size":24.16398811340332,"orthographic":true}