{"cameraMode":{"drawMode":0,"name":"Shaded","section":"Shading Mode"},"sceneLighting":false,"audioPlay":false,"sceneViewState":{"showFog":true,"showMaterialUpdate":true,"showSkybox":true,"showFlares":true,"showImageEffects":true,"showParticleSystems":true},"in2DMode":false,"pivot":{"x":59.805816650390628,"y":16.813711166381837,"z":35.99681854248047},"rotation":{"x":0.4070344865322113,"y":-0.20797500014305116,"z":0.0957338958978653,"w":0.8842535614967346},"size":21.094257354736329,"orthographic":true}