{"cameraMode":{"drawMode":0,"name":"Shaded","section":"Shading Mode"},"sceneLighting":false,"audioPlay":false,"sceneViewState":{"showFog":true,"showMaterialUpdate":true,"showSkybox":true,"showFlares":true,"showImageEffects":true,"showParticleSystems":true},"in2DMode":false,"pivot":{"x":114.64692687988281,"y":86.62561798095703,"z":200.97683715820313},"rotation":{"x":0.4070344865322113,"y":-0.20797500014305116,"z":0.0957338958978653,"w":0.8842535614967346},"size":23.38434600830078,"orthographic":true}