{"cameraMode":{"drawMode":0,"name":"Shaded","section":"Shading Mode"},"sceneLighting":true,"audioPlay":false,"sceneViewState":{"showFog":true,"showMaterialUpdate":true,"showSkybox":true,"showFlares":true,"showImageEffects":true,"showParticleSystems":true},"in2DMode":false,"pivot":{"x":26.979473114013673,"y":7.297161102294922,"z":39.56739807128906},"rotation":{"x":-0.09312653541564942,"y":0.8498609662055969,"z":-0.16044926643371583,"w":-0.4932747781276703},"size":85.4143295288086,"orthographic":false}