{"cameraMode":{"drawMode":0,"name":"Shaded","section":"Shading Mode"},"sceneLighting":false,"audioPlay":false,"sceneViewState":{"showFog":true,"showMaterialUpdate":true,"showSkybox":true,"showFlares":true,"showImageEffects":true,"showParticleSystems":true},"in2DMode":false,"pivot":{"x":54.810001373291019,"y":10.430000305175782,"z":34.53263473510742},"rotation":{"x":-0.08404279500246048,"y":0.9157608151435852,"z":-0.26769742369651797,"w":-0.28750142455101015},"size":17.519393920898439,"orthographic":true}