{"cameraMode":{"drawMode":0,"name":"Shaded","section":"Shading Mode"},"sceneLighting":false,"audioPlay":false,"sceneViewState":{"showFog":true,"showMaterialUpdate":true,"showSkybox":true,"showFlares":true,"showImageEffects":true,"showParticleSystems":true},"in2DMode":false,"pivot":{"x":7.060833930969238,"y":1.9424550533294678,"z":-0.5750126838684082},"rotation":{"x":0.29436832666397097,"y":0.11858823895454407,"z":-0.03683999553322792,"w":0.9475900530815125},"size":23.384334564208986,"orthographic":true}