{"cameraMode":{"drawMode":0,"name":"Shaded","section":"Shading Mode"},"sceneLighting":false,"audioPlay":false,"sceneViewState":{"showFog":true,"showMaterialUpdate":true,"showSkybox":true,"showFlares":true,"showImageEffects":true,"showParticleSystems":true},"in2DMode":false,"pivot":{"x":0.05125904083251953,"y":0.850621223449707,"z":0.15469837188720704},"rotation":{"x":0.29436832666397097,"y":0.11858823895454407,"z":-0.03683999553322792,"w":0.9475900530815125},"size":35.5621452331543,"orthographic":true}