{"cameraMode":{"drawMode":0,"name":"Shaded","section":"Shading Mode"},"sceneLighting":false,"audioPlay":false,"sceneViewState":{"showFog":true,"showMaterialUpdate":true,"showSkybox":true,"showFlares":true,"showImageEffects":true,"showParticleSystems":true},"in2DMode":false,"pivot":{"x":92.16925811767578,"y":39.61955642700195,"z":48.67448806762695},"rotation":{"x":0.052828311920166019,"y":-0.9329422116279602,"z":0.1533334106206894,"w":0.3214294910430908},"size":33.30045700073242,"orthographic":true}