{"cameraMode":{"drawMode":0,"name":"Shaded","section":"Shading Mode"},"sceneLighting":false,"audioPlay":false,"sceneViewState":{"showFog":true,"showMaterialUpdate":true,"showSkybox":true,"showFlares":true,"showImageEffects":true,"showParticleSystems":true},"in2DMode":false,"pivot":{"x":135.87570190429688,"y":105.12174224853516,"z":204.4033660888672},"rotation":{"x":-0.05760154873132706,"y":0.9413954615592957,"z":-0.21160143613815309,"w":-0.25628432631492617},"size":18.134761810302736,"orthographic":true}