{"cameraMode":{"drawMode":0,"name":"Shaded","section":"Shading Mode"},"sceneLighting":false,"audioPlay":false,"sceneViewState":{"showFog":true,"showMaterialUpdate":true,"showSkybox":true,"showFlares":true,"showImageEffects":true,"showParticleSystems":true},"in2DMode":false,"pivot":{"x":85.2153549194336,"y":42.01722717285156,"z":53.07312774658203},"rotation":{"x":0.052828311920166019,"y":-0.9329422116279602,"z":0.1533334106206894,"w":0.3214294910430908},"size":24.361465454101564,"orthographic":true}