{"cameraMode":{"drawMode":0,"name":"Shaded","section":"Shading Mode"},"sceneLighting":false,"audioPlay":false,"sceneViewState":{"showFog":true,"showMaterialUpdate":true,"showSkybox":true,"showFlares":true,"showImageEffects":true,"showParticleSystems":true},"in2DMode":false,"pivot":{"x":-23.899999618530275,"y":-37.551673889160159,"z":-28.200000762939454},"rotation":{"x":-0.08875761181116104,"y":0.8815009593963623,"z":-0.18374209105968476,"w":-0.4258134067058563},"size":33.42885208129883,"orthographic":true}