{"cameraMode":{"drawMode":0,"name":"Shaded","section":"Shading Mode"},"sceneLighting":false,"audioPlay":false,"sceneViewState":{"showFog":true,"showMaterialUpdate":true,"showSkybox":true,"showFlares":true,"showImageEffects":true,"showParticleSystems":true},"in2DMode":false,"pivot":{"x":14.123525619506836,"y":2.0761728286743166,"z":-0.5750126838684082},"rotation":{"x":0.4070344865322113,"y":-0.20797500014305116,"z":0.0957338958978653,"w":0.8842535614967346},"size":18.372833251953126,"orthographic":true}